"#","Reference","Qty","Value","Footprint","DNP"
"1","C201","1","F/NM","Capacitor_SMD:C_0603_1608Metric",""
"2","C301, C302, C304, C307, C309, C310, C401, C402, C404, C407, C409, C410, C504, C505, C507, C508, C511, C512, C604, C605, C607, C608, C611, C612, C901, C1212","26","10uF/25V","Capacitor_SMD:CP_Elec_4x5.8",""
"3","C303, C305, C306, C308, C403, C405, C406, C408, C501, C503, C506, C601, C603, C606, C705, C706, C707, C708, C709, C710, C711, C713, C715, C801, C802, C804, C805, C912, C915, C1001, C1002, C1102, C1211, C1213, C1216, C1217, C1303, C1306, C1307, C1501, C1601, C1701, C1801, C1802, C1803, C1804, C1805, C1806, C1807, C1808, C1809, C1810, C1811, C1812, C1813, C1814, C1815, C1816, C1817, C2001, C2002, C2003, C2004, C2005","64","100nF/16V","Capacitor_SMD:C_0805_2012Metric",""
"4","C502, C602, C712, C714, C904","5","1uF/50V","Capacitor_SMD:C_0805_2012Metric",""
"5","C509, C510, C609, C610, C905","5","10nF/50V","Capacitor_SMD:C_0805_2012Metric",""
"6","C701, C702, C703, C704","4","2.2uF/6.3V","Capacitor_SMD:C_0805_2012Metric",""
"7","C716, C806, C807, C911","4","4.7uF/25V","Capacitor_SMD:C_0805_2012Metric",""
"8","C717, C718","2","10p/50V","Capacitor_SMD:C_0603_1608Metric_Pad1.08x0.95mm_HandSolder",""
"9","C803, C1101, C1207, C1208, C1310, C1311","6","220uF","Capacitor_SMD:CP_Elec_4x5.8",""
"10","C902, C903, C908, C909, C910, C913, C914","7","470uF/10V","Capacitor_SMD:CP_Elec_6.3x7.7",""
"11","C906, C907","2","22pF/50V","Capacitor_SMD:C_0805_2012Metric",""
"12","C1201, C1202, C1209, C1210, C1214, C1215, C1301, C1302, C1314, C1315","10","100u/10V","Capacitor_SMD:CP_Elec_6.3x5.8",""
"13","C1203, C1204, C1304, C1305","4","22uF/16V","Capacitor_SMD:CP_Elec_5x5.8",""
"14","C1205, C1206, C1308, C1309","4","100pF/50V","Capacitor_SMD:C_0805_2012Metric",""
"15","C1312, C1313","2","47p/50V","Capacitor_SMD:C_0805_2012Metric",""
"16","D801, D802, D902, D903","4","SS54","Diode_SMD:D_SMA_Handsoldering",""
"17","D803, D804","2","H5VL10B ","Diode_SMD:D_SOD-923",""
"18","D805, D806, D2005, D2006, D2007, D2008, D2013, D2014, D2015, D2016, D2021, D2022, D2023, D2024, D2029, D2030, D2034, D2035, D2036","19","green","Diode_SMD:D_0805_2012Metric_Pad1.15x1.40mm_HandSolder",""
"19","D901","1","5V","Diode_SMD:D_MELF_Handsoldering",""
"20","D1001","1","B5819","Diode_SMD:D_SOD-123",""
"21","D2001, D2009, D2017, D2040, D2101, D2102, D2103, D2104, D2105, D2106, D2107","11","Red","Diode_SMD:D_0805_2012Metric_Pad1.15x1.40mm_HandSolder",""
"22","D2002, D2003, D2004, D2010, D2011, D2012, D2018, D2019, D2020, D2025, D2028, D2031, D2037, D2038","14","yellow","Diode_SMD:D_0805_2012Metric_Pad1.15x1.40mm_HandSolder",""
"23","D2026, D2027, D2032, D2033, D2039","5","White","Diode_SMD:D_0805_2012Metric_Pad1.15x1.40mm_HandSolder",""
"24","F901","1","750mA","Fuse:Fuse_2920_7451Metric_Pad2.10x5.45mm_HandSolder",""
"25","F902","1","300mA","Fuse:Fuse_2920_7451Metric_Pad2.10x5.45mm_HandSolder",""
"26","FB701, FB901, FB902, FB903, FB904, FB905","6","FerriteBead","Inductor_SMD:L_0805_2012Metric",""
"27","J301, J401, J1301","3","PSG01550","",""
"28","J702, J706","2","Conn_02x06_Odd_Even","Connector_PinSocket_2.54mm:PinSocket_2x06_P2.54mm_Vertical_SMD",""
"29","J704","1","Conn_ARM_JTAG_SWD_20","Connector_PinHeader_2.54mm:PinHeader_2x05_P2.54mm_Vertical_SMD",""
"30","J705","1","Boot Jumper","Connector_PinHeader_2.54mm:PinHeader_1x03_P2.54mm_Vertical",""
"31","J801","1","USB_A","Connector_USB:USB_A_Molex_67643_Horizontal",""
"32","J802","1","USB_C_Receptacle_USB2.0","Connector_USB:USB_C_Receptacle_G-Switch_GT-USB-7010ASV",""
"33","J803","1","USB_B","Connector_USB:USB_B_OST_USB-B1HSxx_Horizontal",""
"34","J1001, J1002, J1003","3","DIN-5_180degree","Skrooter_footprints:DIN-504-M10",""
"35","J1201","1","AudioJack3","Connector_Audio:Jack_3.5mm_CUI_SJ1-3525N_Horizontal",""
"36","JP201, JP202, JP203, JP204, JP205, JP206, JP207, JP208, JP209, JP210","10","Jumper_2_Open","Jumper:SolderJumper-2_P1.3mm_Open_TrianglePad1.0x1.5mm",""
"37","JP301, JP302, JP303, JP304, JP401, JP402, JP403, JP404","8","SolderJumper_3_Bridged12","Jumper:SolderJumper-3_P2.0mm_Open_TrianglePad1.0x1.5mm_NumberLabels",""
"38","L901, L902","2","22ÂµH","SkrooterFootprints:MSCD43",""
"39","R201, R202","2","R/NM","Resistor_SMD:R_0805_2012Metric",""
"40","R301, R302, R401, R402, R811, R812","6","5k1","Resistor_SMD:R_0805_2012Metric",""
"41","R501, R502, R601, R602, R708, R807, R906, R908, R1211, R1212, R1801, R1802, R1803, R1804, R1805, R1810, R1811, R1812, R1813, R1818, R1819, R1820, R1821, R1826, R1827, R1828, R1832","27","10k","Resistor_SMD:R_0805_2012Metric",""
"42","R503, R504, R603, R604, R805, R806, R1001","7","470R","Resistor_SMD:R_0805_2012Metric_Pad1.20x1.40mm_HandSolder",""
"43","R505, R506, R605, R606, R1101, R1102, R1201, R1202, R1207, R1208, R1301, R1302, R1307, R1308, R1317, R1318","16","22k","Resistor_SMD:R_0805_2012Metric",""
"44","R701, R702, R801, R802","4","0R","Resistor_SMD:R_0805_2012Metric",""
"45","R703, R704, R705, R706","4","R_Small","Resistor_SMD:R_0805_2012Metric",""
"46","R707","1","47R","Resistor_SMD:R_0805_2012Metric",""
"47","R709","1","22R","Resistor_SMD:R_0805_2012Metric",""
"48","R803, R804, R808, R809, R813, R814, R1311, R1312, R1313, R1314","10","4k7","Resistor_SMD:R_0805_2012Metric_Pad1.20x1.40mm_HandSolder",""
"49","R810","1","12k","Resistor_SMD:R_0805_2012Metric_Pad1.20x1.40mm_HandSolder",""
"50","R901, R1806, R1807, R1808, R1809, R1814, R1815, R1816, R1817, R1822, R1823, R1824, R1825, R1829, R1830, R1831, R1833, R2101","18","1k","Resistor_SMD:R_0805_2012Metric_Pad1.20x1.40mm_HandSolder",""
"51","R902","1","470k","Resistor_SMD:R_0805_2012Metric_Pad1.20x1.40mm_HandSolder",""
"52","R903","1","100k","Resistor_SMD:R_0805_2012Metric_Pad1.20x1.40mm_HandSolder",""
"53","R904, R2026, R2027, R2032, R2033, R2039","6","1k5","Resistor_SMD:R_0805_2012Metric_Pad1.20x1.40mm_HandSolder",""
"54","R905","1","18k","Resistor_SMD:R_0603_1608Metric_Pad0.98x0.95mm_HandSolder",""
"55","R907, R1002, R1003, R1004, R1005, R1006, R2001, R2002, R2003, R2004, R2005, R2006, R2007, R2008, R2009, R2010, R2011, R2012, R2013, R2014, R2015, R2016, R2017, R2018, R2019, R2020, R2021, R2022, R2023, R2024, R2025, R2028, R2029, R2030, R2031, R2034, R2035, R2036, R2037, R2038, R2040, R2106, R2107","43","220R","Resistor_SMD:R_0805_2012Metric_Pad1.20x1.40mm_HandSolder",""
"56","R1203, R1204, R1303, R1304, R2102, R2103, R2104, R2105","8","680R","Resistor_SMD:R_0805_2012Metric_Pad1.20x1.40mm_HandSolder",""
"57","R1205, R1206, R1305, R1306","4","1k3","Resistor_SMD:R_0805_2012Metric_Pad1.20x1.40mm_HandSolder",""
"58","R1209, R1210, R1309, R1310","4","100R","Resistor_SMD:R_0805_2012Metric_Pad1.20x1.40mm_HandSolder",""
"59","R1213, R1214","2","4R7","Resistor_SMD:R_0805_2012Metric_Pad1.20x1.40mm_HandSolder",""
"60","R1315, R1316","2","68R","Resistor_SMD:R_0805_2012Metric_Pad1.20x1.40mm_HandSolder",""
"61","RV301, RV401, RV1201, RV1301, RV1401, RV1402, RV1403, RV1404, RV1405, RV1406, RV1407, RV1408, RV1409, RV1410, RV1411, RV1412, RV1413, RV1414, RV1415, RV1416, RV1417, RV1418, RV1419, RV1420, RV1421, RV1422, RV1423, RV1424","28","10k","",""
"62","SW1801, SW1802, SW1803, SW1804, SW1805, SW1806, SW1807, SW1808, SW1809, SW1810, SW1811, SW1812, SW1813, SW1814, SW1815, SW1816","16","~","",""
"63","U201","1","24.576 MHz","Oscillator:Oscillator_SMD_Abracon_ASE-4Pin_3.2x2.5mm_HandSoldering",""
"64","U202, U203","2","CY2305SXC-1HT","Package_SO:SOIC-8_3.9x4.9mm_P1.27mm",""
"65","U301, U401","2","WM8782SEDS","Package_SO:SSOP-20_5.3x7.2mm_P0.65mm",""
"66","U501, U601","2","CS4344","Package_SO:MSOP-10_3x3mm_P0.5mm",""
"67","U502, U602, U1101, U1201, U1202, U1301, U1302, U1303","8","NE5532","",""
"68","U701","1","STM32F730V8T6","SkrooterFootprints:LQFP100-14x14mm",""
"69","U801","1","USBLC6-4SC6","Package_TO_SOT_SMD:SOT-23-6",""
"70","U802","1","USB3300-EZK","Package_DFN_QFN:QFN-32-1EP_5x5mm_P0.5mm_EP3.45x3.45mm",""
"71","U901","1","TPS61040DBV","Package_TO_SOT_SMD:SOT-23-5",""
"72","U902","1","XL1509-ADJ","Package_SO:SOIC-8_3.9x4.9mm_P1.27mm",""
"73","U903","1","WS3222D","Package_DFN_QFN:WDFN-8-1EP_2x2mm_P0.5mm_EP0.8x1.2mm",""
"74","U904","1","AMS1117-5.0","Package_TO_SOT_SMD:SOT-223-3_TabPin2",""
"75","U905","1","AP2171W","Package_TO_SOT_SMD:SOT-23-5",""
"76","U1001","1","74HC08D","Package_SO:SOIC-14_3.9x8.7mm_P1.27mm",""
"77","U1002","1","6N137","Package_DIP:DIP-8_W7.62mm",""
"78","U1203","1","TDA2822D","",""
"79","U1501, U1601, U1701","3","4052","Package_SO:SO-16_3.9x9.9mm_P1.27mm",""
"80","U1801","1","XL9535","Package_SO:TSSOP-24_4.4x7.8mm_P0.65mm",""
"81","U2001, U2002, U2003, U2004, U2005","5","74HC595","Package_SO:SO-16_3.9x9.9mm_P1.27mm",""
"82","Y701","1","24MHz","Crystal:Crystal_SMD_3225-4Pin_3.2x2.5mm_HandSoldering",""
